image_name,left,top,right,bottom,text
image0,1083,160,1403,195,    No. : 070-4840-4563
image0,1083,195,1403,230,請求日 : 2018-10-02
image0,308,260,728,305,林印刷株式会社
image0,244,318,774,353,静岡県板橋区湯本塩原13丁目16番7号 竜泉パーク488
image0,376,362,696,397,映画監督 担当者:藤井 結衣
image0,443,490,763,535,800825100.0
image0,242,446,292,481,下記
image0,290,446,770,481,の通りご請求申し上げます。
image0,298,660,768,690,電池 カラム
image0,800,660,990,690,38隻
image0,298,705,768,735,主人 敵
image0,800,705,990,735,27セット
image0,298,750,768,780,教授 細かい
image0,800,750,990,780,48袋
image0,298,795,768,825,埋め込む 狭い
image0,800,795,990,825,36トン
image0,298,840,768,870,柔らかい 人形
image0,800,840,990,870,11セット
image0,298,885,768,915,動物 シェービング
image0,800,885,990,915,73万
image0,298,930,768,960,デッド 革新
image0,800,930,990,960,46包
image0,298,975,768,1005,カレッジ 隠す
image0,800,975,990,1005,85袋
image0,298,1020,768,1050,保持する 野球
image0,800,1020,990,1050,84台
image0,298,1065,768,1095,改善 花嫁
image0,800,1065,990,1095,48頭
image0,298,1110,768,1140,彼 不自然な
image0,800,1110,990,1140,23福
image0,298,1155,768,1185,部隊 リニア
image0,800,1155,990,1185,23袋
image0,298,1200,768,1230,分割 尊敬する
image0,800,1200,990,1230,69枚
image0,298,1245,768,1275,編組 知覚
image0,800,1245,990,1275,89着
image0,298,1290,768,1320,動物 ノート
image0,800,1290,990,1320,87袋
image0,298,1335,768,1365,供給 ジャム
image0,800,1335,990,1365,22部
image0,298,1380,768,1410,フェミニスト 分割
image0,800,1380,990,1410,69対
image0,298,1425,768,1455,溝 トーン
image0,800,1425,990,1455,53本
image0,298,1470,768,1500,ヒット 敵
image0,800,1470,990,1500,5包
image0,298,1515,768,1545,ハンマー 器官
image0,800,1515,990,1545,55箱
image1,1083,160,1403,195,    No. : 56-5483-8737
image1,1083,195,1403,230,請求日 : 2009-08-26
image1,308,260,728,305,有限会社阿部食品
image1,244,318,774,353,鳥取県荒川区独鈷沢34丁目20番9号 シャルム三筋622
image1,376,362,696,397,医師 担当者:近藤 太郎
image1,443,490,763,535,986018696.0
image1,242,446,292,481,下記
image1,290,446,770,481,の通りご請求申し上げます。
image1,298,660,768,690,鉱山 擁する
image1,800,660,990,690,25本
image1,298,705,768,735,倫理 柔らかい
image1,800,705,990,735,71枚
image1,298,750,768,780,感謝する ベルベット
image1,800,750,990,780,48箱
image1,298,795,768,825,ジャーナル 日曜日
image1,800,795,990,825,47包
image1,298,840,768,870,今 極端な
image1,800,840,990,870,17万
image1,298,885,768,915,動物 テント
image1,800,885,990,915,41款
image1,298,930,768,960,分割 尊敬する
image1,800,930,990,960,68粒
image1,298,975,768,1005,奨励します スマッシュ
image1,800,975,990,1005,74本
image1,298,1020,768,1050,デフォルト クール
image1,800,1020,990,1050,12枚
image1,298,1065,768,1095,マリン 分割
image1,800,1065,990,1095,64頭
image1,298,1110,768,1140,明らかにする ヒット
image1,800,1110,990,1140,35粒
image1,298,1155,768,1185,見出し リハビリ
image1,800,1155,990,1185,67冊
image1,298,1200,768,1230,通行料金 今日
image1,800,1200,990,1230,31台
image1,298,1245,768,1275,職人 学生
image1,800,1245,990,1275,28層
image1,298,1290,768,1320,アクセルペダル ヒット
image1,800,1290,990,1320,28台
image1,298,1335,768,1365,供給 ベルベット
image1,800,1335,990,1365,60枚
image1,298,1380,768,1410,リンク シェービング
image1,800,1380,990,1410,76袋
image1,298,1425,768,1455,供給 近代化する
image1,800,1425,990,1455,31枚
image1,298,1470,768,1500,ノート 中世
image1,800,1470,990,1500,79款
image1,298,1515,768,1545,協力 憲法
image1,800,1515,990,1545,34袋
image1,298,1560,768,1590,移動 参加する
image1,800,1560,990,1590,63部
image1,298,1605,768,1635,陶器 彼
image1,800,1605,990,1635,56袋
image2,1083,160,1403,195,    No. : 30-5688-1515
image2,1083,195,1403,230,請求日 : 2018-11-12
image2,308,260,728,305,株式会社吉田鉱業
image2,244,318,774,353,高知県中央区今戸23丁目27番20号 シティ南郷屋175
image2,376,362,696,397,漫画家 担当者:佐々木 亮介
image2,443,490,763,535,922188876.0
image2,242,446,292,481,下記
image2,290,446,770,481,の通りご請求申し上げます。
image2,298,660,768,690,ベルベット リハビリ
image2,800,660,990,690,22袋
image2,298,705,768,735,職人 葉
image2,800,705,990,735,56トン
image2,298,750,768,780,フレーム 運
image2,800,750,990,780,86対
image2,298,795,768,825,血まみれの ソース
image2,800,795,990,825,2本
image2,298,840,768,870,トースト 埋め込む
image2,800,840,990,870,18枚
image2,298,885,768,915,あった 倫理
image2,800,885,990,915,39箱
image2,298,930,768,960,隠す 反射
image2,800,930,990,960,3トン
image2,298,975,768,1005,パイオニア 連続
image2,800,975,990,1005,92箱
image2,298,1020,768,1050,特徴 サンプル
image2,800,1020,990,1050,71本
image2,298,1065,768,1095,ソース 今日
image2,800,1065,990,1095,64本
image2,298,1110,768,1140,見落とす 必要
image2,800,1110,990,1140,33包
image2,298,1155,768,1185,数字 ホイール
image2,800,1155,990,1185,25款
image2,298,1200,768,1230,残る 同行
image2,800,1200,990,1230,17箱
image2,298,1245,768,1275,数字 犯罪者
image2,800,1245,990,1275,9万
image2,298,1290,768,1320,連続 軸
image2,800,1290,990,1320,6粒
image2,298,1335,768,1365,特徴 キャビン
image2,800,1335,990,1365,46台
image2,298,1380,768,1410,催眠術 虐待
image2,800,1380,990,1410,2台
image2,298,1425,768,1455,符号 運
image2,800,1425,990,1455,29粒
image2,298,1470,768,1500,偏差 〜
image2,800,1470,990,1500,89台
image3,1083,160,1403,195,    No. : 070-5417-5968
image3,1083,195,1403,230,請求日 : 2004-12-21
image3,308,260,728,305,合同会社山本水産
image3,244,318,774,353,熊本県印旛郡酒々井町九段南29丁目26番19号 鶴ヶ丘コート013
image3,376,362,696,397,司法書士 担当者:山本 太一
image3,443,490,763,535,733843783.0
image3,242,446,292,481,下記
image3,290,446,770,481,の通りご請求申し上げます。
image3,298,660,768,690,リフト ない
image3,800,660,990,690,48袋
image3,298,705,768,735,ダイヤモンド 管理する
image3,800,705,990,735,92袋
image3,298,750,768,780,テント 叔父
image3,800,750,990,780,49包
image3,298,795,768,825,舗装 高い
image3,800,795,990,825,79層
image3,298,840,768,870,チーズ 人形
image3,800,840,990,870,19頭
image3,298,885,768,915,証言する 戦略的
image3,800,885,990,915,91着
image3,298,930,768,960,革新 ジャム
image3,800,930,990,960,37着
image3,298,975,768,1005,賞賛する 今日
image3,800,975,990,1005,74冊
image3,298,1020,768,1050,ストレージ 風景
image3,800,1020,990,1050,46袋
image3,298,1065,768,1095,カラム 探査
image3,800,1065,990,1095,49枚
image3,298,1110,768,1140,厳しい 販売
image3,800,1110,990,1140,71碗
image3,298,1155,768,1185,スキーム 日曜日
image3,800,1155,990,1185,8部
image3,298,1200,768,1230,コミュニティ ベルベット
image3,800,1200,990,1230,26対
image4,1083,160,1403,195,    No. : 090-1813-0363
image4,1083,195,1403,230,請求日 : 2019-04-28
image4,308,260,728,305,合同会社中村建設
image4,244,318,774,353,長崎県大田区元浅草25丁目14番20号
image4,376,362,696,397,農家 担当者:鈴木 京助
image4,443,490,763,535,174609508.0
image4,242,446,292,481,下記
image4,290,446,770,481,の通りご請求申し上げます。
image4,298,660,768,690,パン テント
image4,800,660,990,690,97本
image4,298,705,768,735,シュガー 狭い
image4,800,705,990,735,93枚
image4,298,750,768,780,リンク ブラケット
image4,800,750,990,780,37枚
image4,298,795,768,825,サワー クール
image4,800,795,990,825,43福
image4,298,840,768,870,部隊 鉱山
image4,800,840,990,870,34部
image4,298,885,768,915,ニュース ベルベット
image4,800,885,990,915,90層
image4,298,930,768,960,犯罪者 トーン
image4,800,930,990,960,48袋
image4,298,975,768,1005,符号 テント
image4,800,975,990,1005,29台
image4,298,1020,768,1050,見落とす リフト
image4,800,1020,990,1050,97セット
image4,298,1065,768,1095,憲法 ブランチ
image4,800,1065,990,1095,7頭
image4,298,1110,768,1140,スキーム ブラケット
image4,800,1110,990,1140,54層
image4,298,1155,768,1185,ヘア 近代化する
image4,800,1155,990,1185,10部
image4,298,1200,768,1230,今日 厳しい
image4,800,1200,990,1230,71袋
image4,298,1245,768,1275,教授 器官
image4,800,1245,990,1275,22匹
image4,298,1290,768,1320,パン 画面
image4,800,1290,990,1320,43トン
image5,1083,160,1403,195,    No. : 20-7392-3204
image5,1083,195,1403,230,請求日 : 2009-06-17
image5,308,260,728,305,村上水産合同会社
image5,244,318,774,353,大阪府神津島村橋場17丁目19番7号 上高野コート832
image5,376,362,696,397,ウェブデザイナー 担当者:佐藤 京助
image5,443,490,763,535,812726203.0
image5,242,446,292,481,下記
image5,290,446,770,481,の通りご請求申し上げます。
image5,298,660,768,690,省略 創傷
image5,800,660,990,690,37セット
image5,298,705,768,735,怒り 行進
image5,800,705,990,735,67隻
image5,298,750,768,780,クロス ヘア
image5,800,750,990,780,94万
image5,298,795,768,825,ベルベット 腐った
image5,800,795,990,825,11トン
image5,298,840,768,870,動物 錯覚
image5,800,840,990,870,96冊
image5,298,885,768,915,埋め込む 敵
image5,800,885,990,915,73款
image6,1083,160,1403,195,    No. : 87-8137-3513
image6,1083,195,1403,230,請求日 : 2006-09-28
image6,308,260,728,305,有限会社山田銀行
image6,244,318,774,353,福井県港区秋葉原29丁目19番20号 ハイツ睦678
image6,376,362,696,397,大学教授 担当者:清水 結衣
image6,443,490,763,535,902996506.0
image6,242,446,292,481,下記
image6,290,446,770,481,の通りご請求申し上げます。
image6,298,660,768,690,埋め込む 証言する
image6,800,660,990,690,57枚
image6,298,705,768,735,トス 数字
image6,800,705,990,735,23袋
image6,298,750,768,780,建築 アクセルペダル
image6,800,750,990,780,74袋
image6,298,795,768,825,欠乏 ストレージ
image6,800,795,990,825,21箱
image6,298,840,768,870,カレッジ 行進
image6,800,840,990,870,73袋
image6,298,885,768,915,高い 血まみれの
image6,800,885,990,915,11包
image7,1083,160,1403,195,    No. : 090-5724-5273
image7,1083,195,1403,230,請求日 : 2021-10-06
image7,308,260,728,305,株式会社藤井食品
image7,244,318,774,353,香川県日野市橋場9丁目24番17号 京橋パレス322
image7,376,362,696,397,測量士 担当者:福田 花子
image7,443,490,763,535,579074648.0
image7,242,446,292,481,下記
image7,290,446,770,481,の通りご請求申し上げます。
image7,298,660,768,690,チーズ 中世
image7,800,660,990,690,44本
image7,298,705,768,735,中央 楽しんで
image7,800,705,990,735,99冊
image7,298,750,768,780,人形 尊敬する
image7,800,750,990,780,48隻
image7,298,795,768,825,通行料金 再現する
image7,800,795,990,825,51冊
image7,298,840,768,870,器官 創傷
image7,800,840,990,870,34枚
image7,298,885,768,915,式 衝突
image7,800,885,990,915,19枚
image7,298,930,768,960,今 品質
image7,800,930,990,960,60本
image7,298,975,768,1005,軸 ソース
image7,800,975,990,1005,36本
image7,298,1020,768,1050,学生 ソース
image7,800,1020,990,1050,86包
image7,298,1065,768,1095,〜 省略
image7,800,1065,990,1095,85万
image7,298,1110,768,1140,埋め込む 発生する
image7,800,1110,990,1140,62頭
image8,1083,160,1403,195,    No. : 080-6719-6601
image8,1083,195,1403,230,請求日 : 2021-11-01
image8,308,260,728,305,小林ガス株式会社
image8,244,318,774,353,岩手県印旛郡印旛村台場31丁目10番20号 富久町コーポ312
image8,376,362,696,397,アートディレクター 担当者:井上 知実
image8,443,490,763,535,409035875.0
image8,242,446,292,481,下記
image8,290,446,770,481,の通りご請求申し上げます。
image8,298,660,768,690,陶器 偏差
image8,800,660,990,690,70隻
image8,298,705,768,735,狐 戦略的
image8,800,705,990,735,40セット
image8,298,750,768,780,ヘア 参加する
image8,800,750,990,780,30セット
image8,298,795,768,825,アクセルペダル 証言する
image8,800,795,990,825,5部
image8,298,840,768,870,メニュー 虐待
image8,800,840,990,870,40頭
image8,298,885,768,915,革新 バーゲン
image8,800,885,990,915,14セット
image8,298,930,768,960,指名 障害
image8,800,930,990,960,4枚
image8,298,975,768,1005,バナー 倫理
image8,800,975,990,1005,54箱
image8,298,1020,768,1050,シュガー 意図
image8,800,1020,990,1050,42本
image8,298,1065,768,1095,溝 キャビン
image8,800,1065,990,1095,6箱
image8,298,1110,768,1140,見落とす 持つ
image8,800,1110,990,1140,86台
image8,298,1155,768,1185,フレーム 脊椎
image8,800,1155,990,1185,92福
image8,298,1200,768,1230,雪 反射
image8,800,1200,990,1230,60冊
image9,1083,160,1403,195,    No. : 09-3222-7821
image9,1083,195,1403,230,請求日 : 2015-02-20
image9,308,260,728,305,福田食品有限会社
image9,244,318,774,353,埼玉県八丈島八丈町白金3丁目15番19号 卯の里シャルム317
image9,376,362,696,397,医師 担当者:佐藤 裕樹
image9,443,490,763,535,305491618.0
image9,242,446,292,481,下記
image9,290,446,770,481,の通りご請求申し上げます。
image9,298,660,768,690,画面 暖かい
image9,800,660,990,690,90包
image9,298,705,768,735,バケツ 楽しんで
image9,800,705,990,735,78匹
image9,298,750,768,780,見出し スキーム
image9,800,750,990,780,79セット
image9,298,795,768,825,フェミニスト 舗装
image9,800,795,990,825,61頭
image9,298,840,768,870,リニア 器官
image9,800,840,990,870,78部
image9,298,885,768,915,クール ダニ
image9,800,885,990,915,47個
image9,298,930,768,960,リニア 教会
image9,800,930,990,960,80袋
image9,298,975,768,1005,参加する 中世
image9,800,975,990,1005,15本
image9,298,1020,768,1050,トス アクセルペダル
image9,800,1020,990,1050,1包
image9,298,1065,768,1095,追放する 狐
image9,800,1065,990,1095,89隻
image9,298,1110,768,1140,ソース キャビン
image9,800,1110,990,1140,26粒
image9,298,1155,768,1185,暖かい 数字
image9,800,1155,990,1185,41箱
image9,298,1200,768,1230,シェービング 教授
image9,800,1200,990,1230,66本
image9,298,1245,768,1275,君は 持ってる
image9,800,1245,990,1275,77台
image9,298,1290,768,1320,保持する 出演者
image9,800,1290,990,1320,84台
image10,1083,160,1403,195,    No. : 070-6275-1679
image10,1083,195,1403,230,請求日 : 2008-06-08
image10,308,260,728,305,株式会社中島水産
image10,244,318,774,353,香川県夷隅郡大多喜町芝大門36丁目12番3号 千束アーバン617
image10,376,362,696,397,演歌歌手 担当者:佐藤 浩
image10,443,490,763,535,115979830.0
image10,242,446,292,481,下記
image10,290,446,770,481,の通りご請求申し上げます。
image10,298,660,768,690,バケツ 日曜日
image10,800,660,990,690,70台
image10,298,705,768,735,ハンマー 試してみる
image10,800,705,990,735,79枚
image10,298,750,768,780,倫理 目的
image10,800,750,990,780,42碗
image10,298,795,768,825,大統領 偏差
image10,800,795,990,825,8台
image10,298,840,768,870,供給 トス
image10,800,840,990,870,92隻
image10,298,885,768,915,織る 電池
image10,800,885,990,915,86箱
image10,298,930,768,960,見落とす 今
image10,800,930,990,960,47対
image10,298,975,768,1005,スペル バーゲン
image10,800,975,990,1005,7枚
image10,298,1020,768,1050,リフト ノート
image10,800,1020,990,1050,35セット
image10,298,1065,768,1095,ハードウェア 敵対的な
image10,800,1065,990,1095,71袋
image10,298,1110,768,1140,敵対的な 脊椎
image10,800,1110,990,1140,46款
image10,298,1155,768,1185,織る トリビュート
image10,800,1155,990,1185,49冊
image10,298,1200,768,1230,オークション 参加する
image10,800,1200,990,1230,9セット
image10,298,1245,768,1275,持つ 彼
image10,800,1245,990,1275,30碗
image10,298,1290,768,1320,それ 装置
image10,800,1290,990,1320,59碗
image10,298,1335,768,1365,バス ハードウェア
image10,800,1335,990,1365,58款
image10,298,1380,768,1410,ない 部隊
image10,800,1380,990,1410,15セット
image10,298,1425,768,1455,教会 本質的な
image10,800,1425,990,1455,20台
image10,298,1470,768,1500,必要 ブレーキ
image10,800,1470,990,1500,93層
image10,298,1515,768,1545,供給 楽しんで
image10,800,1515,990,1545,16枚
image10,298,1560,768,1590,君は 鉱山
image10,800,1560,990,1590,100台
image10,298,1605,768,1635,差別する サンプル
image10,800,1605,990,1635,31匹
image10,298,1650,768,1680,チーズ 協力
image10,800,1650,990,1680,56セット
image11,1083,160,1403,195,    No. : 090-1463-3506
image11,1083,195,1403,230,請求日 : 2016-06-21
image11,308,260,728,305,伊藤建設有限会社
image11,244,318,774,353,岩手県横浜市南区脚折37丁目11番9号 美原町アーバン268
image11,376,362,696,397,花火師 担当者:鈴木 淳
image11,443,490,763,535,887558414.0
image11,242,446,292,481,下記
image11,290,446,770,481,の通りご請求申し上げます。
image11,298,660,768,690,ジャーナル 陶器
image11,800,660,990,690,57台
image11,298,705,768,735,催眠術 尿
image11,800,705,990,735,83福
image11,298,750,768,780,数字 暖かい
image11,800,750,990,780,43トン
image11,298,795,768,825,符号 動物
image11,800,795,990,825,80本
image11,298,840,768,870,ヘア ハードウェア
image11,800,840,990,870,7袋
image11,298,885,768,915,フェミニスト 普通の
image11,800,885,990,915,53枚
image11,298,930,768,960,再現する 改善
image11,800,930,990,960,42福
image11,298,975,768,1005,サラダ 省略
image11,800,975,990,1005,93頭
image11,298,1020,768,1050,虐待 探査
image11,800,1020,990,1050,68層
image11,298,1065,768,1095,ブラケット 主人
image11,800,1065,990,1095,54万
image11,298,1110,768,1140,隠す 野球
image11,800,1110,990,1140,64台
image11,298,1155,768,1185,通行料金 パーセント
image11,800,1155,990,1185,33福
image12,1083,160,1403,195,    No. : 080-8809-2071
image12,1083,195,1403,230,請求日 : 2006-11-22
image12,308,260,728,305,田中建設有限会社
image12,244,318,774,353,滋賀県長生郡長柄町麹町20丁目15番10号
image12,376,362,696,397,気象予報士 担当者:中村 稔
image12,443,490,763,535,413540676.0
image12,242,446,292,481,下記
image12,290,446,770,481,の通りご請求申し上げます。
image12,298,660,768,690,大統領 サンプル
image12,800,660,990,690,77本
image12,298,705,768,735,ブランチ 陶器
image12,800,705,990,735,62枚
image12,298,750,768,780,シュガー 倫理
image12,800,750,990,780,41本
image12,298,795,768,825,犯罪者 スキーム
image12,800,795,990,825,41頭
image12,298,840,768,870,トースト 協力
image12,800,840,990,870,2福
image12,298,885,768,915,憲法 陶器
image12,800,885,990,915,36本
image12,298,930,768,960,バス 催眠術
image12,800,930,990,960,82袋
image12,298,975,768,1005,建築 〜
image12,800,975,990,1005,10包
image12,298,1020,768,1050,人形 自体
image12,800,1020,990,1050,94着
image12,298,1065,768,1095,オークション 奨励します
image12,800,1065,990,1095,49枚
image12,298,1110,768,1140,リフト ストレージ
image12,800,1110,990,1140,81台
image12,298,1155,768,1185,コーラス クロス
image12,800,1155,990,1185,3層
image12,298,1200,768,1230,オークション 〜
image12,800,1200,990,1230,34包
image12,298,1245,768,1275,キャビネット 感謝する
image12,800,1245,990,1275,56隻
image12,298,1290,768,1320,ダイヤモンド 障害
image12,800,1290,990,1320,97頭
image12,298,1335,768,1365,知覚 擁する
image12,800,1335,990,1365,3万
image12,298,1380,768,1410,プラスチック 品質
image12,800,1380,990,1410,28枚
image12,298,1425,768,1455,通行料金 ストレージ
image12,800,1425,990,1455,60冊
image12,298,1470,768,1500,改善 プラスチック
image12,800,1470,990,1500,61粒
image12,298,1515,768,1545,シュガー 主人
image12,800,1515,990,1545,81本
image12,298,1560,768,1590,参加する トレーナー
image12,800,1560,990,1590,43枚
image12,298,1605,768,1635,保証金 明らかにする
image12,800,1605,990,1635,85台
image12,298,1650,768,1680,本質的な コピー
image12,800,1650,990,1680,43匹
image12,298,1695,768,1725,衝突 ソース
image12,800,1695,990,1725,19碗
image13,1083,160,1403,195,    No. : 090-2857-8677
image13,1083,195,1403,230,請求日 : 2020-07-05
image13,308,260,728,305,山口印刷株式会社
image13,244,318,774,353,大分県横浜市瀬谷区千束42丁目7番5号 ハイツ睦364
image13,376,362,696,397,営業 担当者:渡辺 春香
image13,443,490,763,535,528671233.0
image13,242,446,292,481,下記
image13,290,446,770,481,の通りご請求申し上げます。
image13,298,660,768,690,じぶんの 暖かい
image13,800,660,990,690,23トン
image13,298,705,768,735,コーナー バーゲン
image13,800,705,990,735,10台
image13,298,750,768,780,主人 参加する
image13,800,750,990,780,30款
image13,298,795,768,825,花嫁 学生
image13,800,795,990,825,88対
image13,298,840,768,870,式 主人
image13,800,840,990,870,50匹
image14,1083,160,1403,195,    No. : 54-7755-5076
image14,1083,195,1403,230,請求日 : 2012-07-14
image14,308,260,728,305,木村電気合同会社
image14,244,318,774,353,静岡県鴨川市雷門2丁目6番13号
image14,376,362,696,397,音響技術者 担当者:小林 さゆり
image14,443,490,763,535,577636737.0
image14,242,446,292,481,下記
image14,290,446,770,481,の通りご請求申し上げます。
image14,298,660,768,690,敵対的な デッド
image14,800,660,990,690,95碗
image14,298,705,768,735,建築 デフォルト
image14,800,705,990,735,64袋
image14,298,750,768,780,鉱山 教授
image14,800,750,990,780,15着
image14,298,795,768,825,見落とす ログ
image14,800,795,990,825,77着
image14,298,840,768,870,差別する アクセルペダル
image14,800,840,990,870,15層
image14,298,885,768,915,自体 主婦
image14,800,885,990,915,18本
image14,298,930,768,960,リンク トーン
image14,800,930,990,960,24部
image14,298,975,768,1005,ない トースト
image14,800,975,990,1005,73碗
image14,298,1020,768,1050,持つ 障害
image14,800,1020,990,1050,1隻
image14,298,1065,768,1095,錯覚 装置
image14,800,1065,990,1095,74枚
image14,298,1110,768,1140,クール 腐った
image14,800,1110,990,1140,86箱
image14,298,1155,768,1185,試してみる 舗装
image14,800,1155,990,1185,37本
image14,298,1200,768,1230,クロス パーセント
image14,800,1200,990,1230,1匹
image14,298,1245,768,1275,あった 鉱山
image14,800,1245,990,1275,3枚
image14,298,1290,768,1320,ダッシュ 近代化する
image14,800,1290,990,1320,75枚
image14,298,1335,768,1365,持ってる 試してみる
image14,800,1335,990,1365,51頭
image14,298,1380,768,1410,障害 クロス
image14,800,1380,990,1410,15枚
image14,298,1425,768,1455,溝 緩む
image14,800,1425,990,1455,82トン
image14,298,1470,768,1500,尊敬する フェミニスト
image14,800,1470,990,1500,26袋
image15,1083,160,1403,195,    No. : 070-9970-0404
image15,1083,195,1403,230,請求日 : 2002-07-25
image15,308,260,728,305,山下印刷株式会社
image15,244,318,774,353,福島県山武郡九十九里町柿木沢新田38丁目4番6号
image15,376,362,696,397,医師 担当者:太田 加奈
image15,443,490,763,535,519979871.0
image15,242,446,292,481,下記
image15,290,446,770,481,の通りご請求申し上げます。
image15,298,660,768,690,主婦 パーセント
image15,800,660,990,690,85台
image15,298,705,768,735,不自然な 賞賛する
image15,800,705,990,735,14粒
image15,298,750,768,780,ニュース 楽しんで
image15,800,750,990,780,40本
image15,298,795,768,825,参加する トス
image15,800,795,990,825,86台
image15,298,840,768,870,オークション 証言する
image15,800,840,990,870,93頭
image15,298,885,768,915,衝突 状況
image15,800,885,990,915,39隻
image15,298,930,768,960,ジャム 動物
image15,800,930,990,960,37隻
image15,298,975,768,1005,は 催眠術
image15,800,975,990,1005,9台
image16,1083,160,1403,195,    No. : 42-7309-9644
image16,1083,195,1403,230,請求日 : 2014-01-02
image16,308,260,728,305,合同会社山下銀行
image16,244,318,774,353,北海道府中市丹勢17丁目8番4号 津久戸町アーバン056
image16,376,362,696,397,薬剤師 担当者:鈴木 桃子
image16,443,490,763,535,478124692.0
image16,242,446,292,481,下記
image16,290,446,770,481,の通りご請求申し上げます。
image16,298,660,768,690,サワー コピー
image16,800,660,990,690,51碗
image16,298,705,768,735,君は 電話
image16,800,705,990,735,88袋
image16,298,750,768,780,ヒール 衝突
image16,800,750,990,780,5枚
image16,298,795,768,825,催眠術 トースト
image16,800,795,990,825,25本
image16,298,840,768,870,立派な 建築
image16,800,840,990,870,81粒
image16,298,885,768,915,ダッシュ 今
image16,800,885,990,915,46セット
image17,1083,160,1403,195,    No. : 090-8366-3582
image17,1083,195,1403,230,請求日 : 2008-12-13
image17,308,260,728,305,太田運輸有限会社
image17,244,318,774,353,沖縄県荒川区北青山23丁目5番11号
image17,376,362,696,397,アイドル 担当者:坂本 舞
image17,443,490,763,535,791346181.0
image17,242,446,292,481,下記
image17,290,446,770,481,の通りご請求申し上げます。
image17,298,660,768,690,埋め込む ホイール
image17,800,660,990,690,89本
image17,298,705,768,735,ピック 憲法
image17,800,705,990,735,95台
image17,298,750,768,780,通行料金 バナー
image17,800,750,990,780,46頭
image17,298,795,768,825,ヘア 改善
image17,800,795,990,825,45枚
image17,298,840,768,870,移動 血まみれの
image17,800,840,990,870,51セット
image17,298,885,768,915,ノート コーラス
image17,800,885,990,915,95台
image17,298,930,768,960,シュガー コーラス
image17,800,930,990,960,57対
image17,298,975,768,1005,保持する ベルベット
image17,800,975,990,1005,84台
image17,298,1020,768,1050,副 じぶんの
image17,800,1020,990,1050,38対
image17,298,1065,768,1095,助けて 追放する
image17,800,1065,990,1095,79本
image17,298,1110,768,1140,サワー 近代化する
image17,800,1110,990,1140,77トン
image18,1083,160,1403,195,    No. : 070-5470-6992
image18,1083,195,1403,230,請求日 : 2021-12-02
image18,308,260,728,305,清水電気合同会社
image18,244,318,774,353,香川県葛飾区東神田38丁目3番9号 細野ハイツ919
image18,376,362,696,397,占い師 担当者:山田 陽一
image18,443,490,763,535,360550203.0
image18,242,446,292,481,下記
image18,290,446,770,481,の通りご請求申し上げます。
image18,298,660,768,690,主婦 暖かい
image18,800,660,990,690,86万
image18,298,705,768,735,ダイヤモンド 近代化する
image18,800,705,990,735,30セット
image18,298,750,768,780,ブランチ 運
image18,800,750,990,780,36冊
image18,298,795,768,825,通行料金 厳しい
image18,800,795,990,825,24箱
image18,298,840,768,870,タワー 敵
image18,800,840,990,870,90着
image18,298,885,768,915,カレッジ 叔父
image18,800,885,990,915,48粒
image18,298,930,768,960,特徴 ボトル
image18,800,930,990,960,35対
image18,298,975,768,1005,キャビン サワー
image18,800,975,990,1005,33袋
image19,1083,160,1403,195,    No. : 090-9265-3729
image19,1083,195,1403,230,請求日 : 2006-04-09
image19,308,260,728,305,石川建設株式会社
image19,244,318,774,353,京都府羽村市渡辺16丁目20番9号 コーポ今戸134
image19,376,362,696,397,公認会計士 担当者:佐々木 治
image19,443,490,763,535,957078070.0
image19,242,446,292,481,下記
image19,290,446,770,481,の通りご請求申し上げます。
image19,298,660,768,690,電話 狐
image19,800,660,990,690,40本
image19,298,705,768,735,屋根裏 敵対的な
image19,800,705,990,735,50層
image19,298,750,768,780,助けて 陶器
image19,800,750,990,780,76頭
image19,298,795,768,825,目的 リフト
image19,800,795,990,825,72部
image19,298,840,768,870,協力 指名
image19,800,840,990,870,23層
image19,298,885,768,915,オークション 中央
image19,800,885,990,915,91台
